{"cameraMode":{"drawMode":0,"name":"Shaded","section":"Shading Mode"},"sceneLighting":true,"audioPlay":false,"sceneViewState":{"showFog":true,"showMaterialUpdate":true,"showSkybox":true,"showFlares":true,"showImageEffects":true,"showParticleSystems":true},"in2DMode":false,"pivot":{"x":-0.4412722587585449,"y":0.6648945808410645,"z":0.5558953285217285},"rotation":{"x":-0.1072009801864624,"y":0.8639252781867981,"z":-0.20758387446403504,"w":-0.4461503326892853},"size":4.762765407562256,"orthographic":false}