{"cameraMode":{"drawMode":0,"name":"Shaded","section":"Shading Mode"},"sceneLighting":true,"audioPlay":false,"sceneViewState":{"showFog":true,"showMaterialUpdate":true,"showSkybox":true,"showFlares":true,"showImageEffects":true,"showParticleSystems":true},"in2DMode":false,"pivot":{"x":92.04314422607422,"y":6.138544082641602,"z":0.490234375},"rotation":{"x":0.034486036747694018,"y":0.13450397551059724,"z":-0.004684151615947485,"w":0.9903026819229126},"size":365.4164733886719,"orthographic":false}