{"cameraMode":{"drawMode":0,"name":"Shaded","section":"Shading Mode"},"sceneLighting":true,"audioPlay":false,"sceneViewState":{"showFog":true,"showMaterialUpdate":true,"showSkybox":true,"showFlares":true,"showImageEffects":true,"showParticleSystems":true},"in2DMode":false,"pivot":{"x":258.0146179199219,"y":118.19933319091797,"z":-112.6160888671875},"rotation":{"x":0.10914328694343567,"y":-0.4026559293270111,"z":-0.04842950776219368,"w":-0.9075314998626709},"size":365.4164733886719,"orthographic":false}